-- ============================================================
-- Pace Rise Competition OS — Seed Data v7 (Clean)
-- 2026 Pace Rise Invitational — Pre-competition state
-- 연맹 공식 약칭 사용, sort_order 기반 정렬
-- ============================================================

-- ============================================================
-- EVENTS (sort_order 기준 정렬, 연맹 공식 약칭 사용)
-- ============================================================

-- 트랙 남자 (id 1-13)
INSERT INTO event (id,competition_id,name,category,gender,round_type,round_status,sort_order,parent_event_id) VALUES
(1,1,'100m','track','M','preliminary','heats_generated',1,NULL),
(2,1,'200m','track','M','preliminary','heats_generated',2,NULL),
(3,1,'400m','track','M','preliminary','heats_generated',3,NULL),
(4,1,'800m','track','M','preliminary','heats_generated',4,NULL),
(5,1,'1500m','track','M','preliminary','heats_generated',5,NULL),
(6,1,'5000m','track','M','final','heats_generated',6,NULL),
(7,1,'5000mW','track','M','final','heats_generated',7,NULL),
(8,1,'10,000m','track','M','final','heats_generated',8,NULL),
(9,1,'10,000mW','track','M','final','heats_generated',9,NULL),
(10,1,'110mH','track','M','preliminary','heats_generated',11,NULL),
(11,1,'400mH','track','M','preliminary','heats_generated',12,NULL),
(12,1,'3000mSC','track','M','final','heats_generated',13,NULL);
INSERT INTO event (id,competition_id,name,category,gender,round_type,round_status,sort_order,parent_event_id) VALUES
(13,1,'100m','track','F','preliminary','heats_generated',1,NULL),
(14,1,'200m','track','F','preliminary','heats_generated',2,NULL),
(15,1,'400m','track','F','preliminary','heats_generated',3,NULL),
(16,1,'800m','track','F','preliminary','heats_generated',4,NULL),
(17,1,'1500m','track','F','preliminary','heats_generated',5,NULL),
(18,1,'5000m','track','F','final','heats_generated',6,NULL),
(19,1,'5000mW','track','F','final','heats_generated',7,NULL),
(20,1,'10,000m','track','F','final','heats_generated',8,NULL),
(21,1,'10,000mW','track','F','final','heats_generated',9,NULL),
(22,1,'100mH','track','F','preliminary','heats_generated',10,NULL),
(23,1,'400mH','track','F','preliminary','heats_generated',12,NULL),
(24,1,'3000mSC','track','F','final','heats_generated',13,NULL);
INSERT INTO event (id,competition_id,name,category,gender,round_type,round_status,sort_order,parent_event_id) VALUES
(26,1,'멀리뛰기','field_distance','M','final','heats_generated',20,NULL),
(27,1,'세단뛰기','field_distance','M','final','heats_generated',21,NULL),
(28,1,'높이뛰기','field_height','M','final','heats_generated',22,NULL),
(29,1,'장대높이뛰기','field_height','M','final','heats_generated',23,NULL),
(30,1,'포환던지기','field_distance','M','final','heats_generated',24,NULL),
(31,1,'원반던지기','field_distance','M','final','heats_generated',25,NULL),
(32,1,'해머던지기','field_distance','M','final','heats_generated',26,NULL),
(33,1,'창던지기','field_distance','M','final','heats_generated',27,NULL);
INSERT INTO event (id,competition_id,name,category,gender,round_type,round_status,sort_order,parent_event_id) VALUES
(34,1,'멀리뛰기','field_distance','F','final','heats_generated',20,NULL),
(35,1,'세단뛰기','field_distance','F','final','heats_generated',21,NULL),
(36,1,'높이뛰기','field_height','F','final','heats_generated',22,NULL),
(37,1,'장대높이뛰기','field_height','F','final','heats_generated',23,NULL),
(38,1,'포환던지기','field_distance','F','final','heats_generated',24,NULL),
(39,1,'원반던지기','field_distance','F','final','heats_generated',25,NULL),
(40,1,'해머던지기','field_distance','F','final','heats_generated',26,NULL),
(41,1,'창던지기','field_distance','F','final','heats_generated',27,NULL);
INSERT INTO event (id,competition_id,name,category,gender,round_type,round_status,sort_order,parent_event_id) VALUES
(42,1,'10종경기','combined','M','final','heats_generated',30,NULL),
(43,1,'7종경기','combined','F','final','heats_generated',31,NULL);
INSERT INTO event (id,competition_id,name,category,gender,round_type,round_status,sort_order,parent_event_id) VALUES
(50,1,'4X100mR','relay','M','final','heats_generated',40,NULL),
(51,1,'4X400mR','relay','M','final','heats_generated',41,NULL),
(52,1,'4X100mR','relay','F','final','heats_generated',40,NULL),
(53,1,'4X400mR','relay','F','final','heats_generated',41,NULL),
(54,1,'4X400mR(Mixed)','relay','X','final','heats_generated',42,NULL),
(55,1,'4×800mR','relay','M','final','heats_generated',43,NULL),
(56,1,'4×800mR','relay','F','final','heats_generated',43,NULL),
(57,1,'4×1500mR','relay','M','final','heats_generated',44,NULL),
(58,1,'4×1500mR','relay','F','final','heats_generated',44,NULL);
INSERT INTO event (id,competition_id,name,category,gender,round_type,round_status,sort_order,parent_event_id) VALUES
(60,1,'하프마라톤','road','M','final','heats_generated',50,NULL),
(61,1,'하프마라톤','road','F','final','heats_generated',50,NULL),
(62,1,'마라톤','road','M','final','heats_generated',51,NULL),
(63,1,'마라톤','road','F','final','heats_generated',51,NULL),
(64,1,'20KmW','road','M','final','heats_generated',52,NULL),
(65,1,'20KmW','road','F','final','heats_generated',52,NULL),
(66,1,'35kmW','road','M','final','heats_generated',53,NULL),
(67,1,'35kmW','road','F','final','heats_generated',53,NULL);
INSERT INTO event (id,competition_id,name,category,gender,round_type,round_status,parent_event_id,sort_order) VALUES
(101,1,'[10종] 100m','track','M','final','heats_generated',42,1),
(102,1,'[10종] 멀리뛰기','field_distance','M','final','heats_generated',42,2),
(103,1,'[10종] 포환던지기','field_distance','M','final','heats_generated',42,3),
(104,1,'[10종] 높이뛰기','field_height','M','final','heats_generated',42,4),
(105,1,'[10종] 400m','track','M','final','heats_generated',42,5),
(106,1,'[10종] 110mH','track','M','final','heats_generated',42,6),
(107,1,'[10종] 원반던지기','field_distance','M','final','heats_generated',42,7),
(108,1,'[10종] 장대높이뛰기','field_height','M','final','heats_generated',42,8),
(109,1,'[10종] 창던지기','field_distance','M','final','heats_generated',42,9),
(110,1,'[10종] 1500m','track','M','final','heats_generated',42,10);
INSERT INTO event (id,competition_id,name,category,gender,round_type,round_status,parent_event_id,sort_order) VALUES
(201,1,'[7종] 100mH','track','F','final','heats_generated',43,1),
(202,1,'[7종] 높이뛰기','field_height','F','final','heats_generated',43,2),
(203,1,'[7종] 포환던지기','field_distance','F','final','heats_generated',43,3),
(204,1,'[7종] 200m','track','F','final','heats_generated',43,4),
(205,1,'[7종] 멀리뛰기','field_distance','F','final','heats_generated',43,5),
(206,1,'[7종] 창던지기','field_distance','F','final','heats_generated',43,6),
(207,1,'[7종] 800m','track','F','final','heats_generated',43,7);
INSERT INTO athlete (id,competition_id,name,bib_number,team,barcode,gender) VALUES
(1,1,'김민수','101','삼성전자','PR2026101','M'),
(2,1,'이준호','102','LG전자','PR2026102','M'),
(3,1,'박성진','103','현대자동차','PR2026103','M'),
(4,1,'정우진','104','SK텔레콤','PR2026104','M'),
(5,1,'최동혁','105','포스코','PR2026105','M'),
(6,1,'강태현','106','한화','PR2026106','M'),
(7,1,'윤재석','107','롯데','PR2026107','M'),
(8,1,'한승우','108','두산','PR2026108','M'),
(9,1,'임도현','109','KT','PR2026109','M'),
(10,1,'서영민','110','기아','PR2026110','M'),
(11,1,'조현우','111','삼성전자','PR2026111','M'),
(12,1,'배진혁','112','LG전자','PR2026112','M'),
(13,1,'신동원','113','현대자동차','PR2026113','M'),
(14,1,'류성호','114','SK텔레콤','PR2026114','M'),
(15,1,'황민재','115','포스코','PR2026115','M'),
(16,1,'오준영','116','한화','PR2026116','M');
INSERT INTO athlete (id,competition_id,name,bib_number,team,barcode,gender) VALUES
(17,1,'김서연','117','삼성전자','PR2026117','F'),
(18,1,'이지은','118','LG전자','PR2026118','F'),
(19,1,'박하나','119','현대자동차','PR2026119','F'),
(20,1,'정유진','120','SK텔레콤','PR2026120','F'),
(21,1,'최수빈','121','포스코','PR2026121','F'),
(22,1,'강민지','122','한화','PR2026122','F'),
(23,1,'윤소희','123','롯데','PR2026123','F'),
(24,1,'한예진','124','두산','PR2026124','F'),
(25,1,'임채원','125','KT','PR2026125','F'),
(26,1,'서지원','126','기아','PR2026126','F'),
(27,1,'조은별','127','삼성전자','PR2026127','F'),
(28,1,'배수진','128','LG전자','PR2026128','F'),
(29,1,'신하늘','129','현대자동차','PR2026129','F'),
(30,1,'류지현','130','SK텔레콤','PR2026130','F'),
(31,1,'황보라','131','포스코','PR2026131','F'),
(32,1,'오미래','132','한화','PR2026132','F');
INSERT INTO athlete (id,competition_id,name,bib_number,team,barcode,gender) VALUES
(81,1,'고승현','133','삼성전자','PR2026133','M'),
(82,1,'나태우','134','LG전자','PR2026134','M'),
(83,1,'도경민','135','현대자동차','PR2026135','M'),
(84,1,'마준서','136','SK텔레콤','PR2026136','M'),
(85,1,'사현석','137','포스코','PR2026137','M'),
(86,1,'아진우','138','한화','PR2026138','M'),
(87,1,'자동건','139','롯데','PR2026139','M'),
(88,1,'차승호','140','두산','PR2026140','M'),
(89,1,'카민혁','141','KT','PR2026141','M'),
(90,1,'타윤재','142','기아','PR2026142','M'),
(91,1,'파성준','143','삼성전자','PR2026143','M'),
(92,1,'하도현','144','LG전자','PR2026144','M');
INSERT INTO athlete (id,competition_id,name,bib_number,team,barcode,gender) VALUES
(93,1,'고은서','145','삼성전자','PR2026145','F'),
(94,1,'나지현','146','LG전자','PR2026146','F'),
(95,1,'도하영','147','현대자동차','PR2026147','F'),
(96,1,'마소율','148','SK텔레콤','PR2026148','F'),
(97,1,'사예린','149','포스코','PR2026149','F'),
(98,1,'아채원','150','한화','PR2026150','F'),
(99,1,'자민서','151','롯데','PR2026151','F'),
(100,1,'차유진','152','두산','PR2026152','F'),
(101,1,'카은별','153','KT','PR2026153','F'),
(102,1,'타서영','154','기아','PR2026154','F'),
(103,1,'파지은','155','삼성전자','PR2026155','F'),
(104,1,'하수아','156','LG전자','PR2026156','F');
INSERT INTO athlete (id,competition_id,name,bib_number,team,barcode,gender) VALUES
(105,1,'구도현','157','삼성전자','PR2026157','M'),
(106,1,'두재윤','158','LG전자','PR2026158','M'),
(107,1,'루승민','159','현대자동차','PR2026159','M'),
(108,1,'무태양','160','SK텔레콤','PR2026160','M'),
(109,1,'부현준','161','포스코','PR2026161','M'),
(110,1,'수동우','162','한화','PR2026162','M'),
(111,1,'우진호','163','롯데','PR2026163','M'),
(112,1,'주민기','164','두산','PR2026164','M'),
(113,1,'추영석','165','KT','PR2026165','M'),
(114,1,'후성현','166','기아','PR2026166','M'),
(115,1,'곽준혁','167','삼성전자','PR2026167','M'),
(116,1,'남재호','168','LG전자','PR2026168','M');
INSERT INTO athlete (id,competition_id,name,bib_number,team,barcode,gender) VALUES
(117,1,'구서윤','169','삼성전자','PR2026169','F'),
(118,1,'두예진','170','LG전자','PR2026170','F'),
(119,1,'루하은','171','현대자동차','PR2026171','F'),
(120,1,'무소희','172','SK텔레콤','PR2026172','F'),
(121,1,'부채린','173','포스코','PR2026173','F'),
(122,1,'수가은','174','한화','PR2026174','F'),
(123,1,'우민지','175','롯데','PR2026175','F'),
(124,1,'주하늘','176','두산','PR2026176','F'),
(125,1,'추예원','177','KT','PR2026177','F'),
(126,1,'후지현','178','기아','PR2026178','F'),
(127,1,'곽보라','179','삼성전자','PR2026179','F'),
(128,1,'남수빈','180','LG전자','PR2026180','F');
INSERT INTO athlete (id,competition_id,name,bib_number,team,barcode,gender) VALUES
(33,1,'장현우','201','삼성전자','PR2026201','M'),
(34,1,'문태영','202','LG전자','PR2026202','M'),
(35,1,'권도윤','203','현대자동차','PR2026203','M'),
(36,1,'안세훈','204','SK텔레콤','PR2026204','M'),
(37,1,'송민기','205','포스코','PR2026205','M'),
(38,1,'노정환','206','한화','PR2026206','M'),
(39,1,'유승현','207','롯데','PR2026207','M'),
(40,1,'홍진우','208','두산','PR2026208','M'),
(41,1,'전병호','209','KT','PR2026209','M'),
(42,1,'남기혁','210','기아','PR2026210','M');
INSERT INTO athlete (id,competition_id,name,bib_number,team,barcode,gender) VALUES
(43,1,'김나영','211','삼성전자','PR2026211','F'),
(44,1,'이수아','212','LG전자','PR2026212','F'),
(45,1,'박지민','213','현대자동차','PR2026213','F'),
(46,1,'정다은','214','SK텔레콤','PR2026214','F'),
(47,1,'최예린','215','포스코','PR2026215','F'),
(48,1,'강소율','216','한화','PR2026216','F'),
(49,1,'윤하은','217','롯데','PR2026217','F'),
(50,1,'한서영','218','두산','PR2026218','F'),
(51,1,'임가은','219','KT','PR2026219','F'),
(52,1,'서윤지','220','기아','PR2026220','F');
INSERT INTO athlete (id,competition_id,name,bib_number,team,barcode,gender) VALUES
(53,1,'우상혁','301','삼성전자','PR2026301','M'),
(54,1,'김태윤','302','LG전자','PR2026302','M'),
(55,1,'이호준','303','현대자동차','PR2026303','M'),
(56,1,'박건우','304','SK텔레콤','PR2026304','M'),
(57,1,'정현서','305','포스코','PR2026305','M'),
(58,1,'최재민','306','한화','PR2026306','M'),
(59,1,'강동현','307','롯데','PR2026307','M'),
(60,1,'윤시우','308','두산','PR2026308','M');
INSERT INTO athlete (id,competition_id,name,bib_number,team,barcode,gender) VALUES
(61,1,'김유나','309','삼성전자','PR2026309','F'),
(62,1,'이하린','310','LG전자','PR2026310','F'),
(63,1,'박소은','311','현대자동차','PR2026311','F'),
(64,1,'정민서','312','SK텔레콤','PR2026312','F'),
(65,1,'최윤아','313','포스코','PR2026313','F'),
(66,1,'강채은','314','한화','PR2026314','F'),
(67,1,'윤서현','315','롯데','PR2026315','F'),
(68,1,'한지유','316','두산','PR2026316','F');
INSERT INTO athlete (id,competition_id,name,bib_number,team,barcode,gender) VALUES
(129,1,'오태경','317','삼성전자','PR2026317','M'),
(130,1,'민준형','318','LG전자','PR2026318','M'),
(131,1,'양세찬','319','현대자동차','PR2026319','M'),
(132,1,'천재영','320','SK텔레콤','PR2026320','M'),
(133,1,'피동수','321','포스코','PR2026321','M'),
(134,1,'길태풍','322','한화','PR2026322','M'),
(135,1,'변준석','323','롯데','PR2026323','M'),
(136,1,'석민호','324','두산','PR2026324','M');
INSERT INTO athlete (id,competition_id,name,bib_number,team,barcode,gender) VALUES
(137,1,'오서현','325','삼성전자','PR2026325','F'),
(138,1,'민지은','326','LG전자','PR2026326','F'),
(139,1,'양하나','327','현대자동차','PR2026327','F'),
(140,1,'천소율','328','SK텔레콤','PR2026328','F'),
(141,1,'피예린','329','포스코','PR2026329','F'),
(142,1,'길채은','330','한화','PR2026330','F'),
(143,1,'변유진','331','롯데','PR2026331','F'),
(144,1,'석수아','332','두산','PR2026332','F');
INSERT INTO athlete (id,competition_id,name,bib_number,team,barcode,gender) VALUES
(145,1,'금동현','501','삼성전자','PR2026501','M'),
(146,1,'은재호','502','LG전자','PR2026502','M'),
(147,1,'동승민','503','현대자동차','PR2026503','M'),
(148,1,'철태우','504','SK텔레콤','PR2026504','M'),
(149,1,'성현준','505','포스코','PR2026505','M'),
(150,1,'광민기','506','한화','PR2026506','M'),
(151,1,'주영석','507','롯데','PR2026507','M'),
(152,1,'원성현','508','두산','PR2026508','M');
INSERT INTO athlete (id,competition_id,name,bib_number,team,barcode,gender) VALUES
(153,1,'금서윤','509','삼성전자','PR2026509','F'),
(154,1,'은예진','510','LG전자','PR2026510','F'),
(155,1,'동하은','511','현대자동차','PR2026511','F'),
(156,1,'철소희','512','SK텔레콤','PR2026512','F'),
(157,1,'성채린','513','포스코','PR2026513','F'),
(158,1,'광가은','514','한화','PR2026514','F'),
(159,1,'주하영','515','롯데','PR2026515','F'),
(160,1,'원지현','516','두산','PR2026516','F');
INSERT INTO athlete (id,competition_id,name,bib_number,team,barcode,gender) VALUES
(69,1,'김준혁','401','삼성전자','PR2026401','M'),
(70,1,'이태민','402','LG전자','PR2026402','M'),
(71,1,'박시원','403','현대자동차','PR2026403','M'),
(72,1,'정재윤','404','SK텔레콤','PR2026404','M'),
(73,1,'최승환','405','포스코','PR2026405','M'),
(74,1,'강민호','406','한화','PR2026406','M');
INSERT INTO athlete (id,competition_id,name,bib_number,team,barcode,gender) VALUES
(75,1,'김하윤','407','삼성전자','PR2026407','F'),
(76,1,'이서진','408','LG전자','PR2026408','F'),
(77,1,'박채원','409','현대자동차','PR2026409','F'),
(78,1,'정아린','410','SK텔레콤','PR2026410','F'),
(79,1,'최은서','411','포스코','PR2026411','F'),
(80,1,'강지안','412','한화','PR2026412','F');


-- ============================================================
-- EVENT ENTRIES (자동 생성)
-- ============================================================

INSERT INTO event_entry (id,event_id,athlete_id,status) VALUES
(1,1,1,'registered'),
(2,1,2,'registered'),
(3,1,3,'registered'),
(4,1,4,'registered'),
(5,1,5,'registered'),
(6,1,6,'registered'),
(7,1,7,'registered'),
(8,1,8,'registered'),
(9,1,9,'registered'),
(10,1,10,'registered'),
(11,1,11,'registered'),
(12,1,12,'registered'),
(13,2,1,'registered'),
(14,2,2,'registered'),
(15,2,3,'registered'),
(16,2,4,'registered'),
(17,2,5,'registered'),
(18,2,6,'registered'),
(19,2,7,'registered'),
(20,2,8,'registered');
INSERT INTO event_entry (id,event_id,athlete_id,status) VALUES
(21,2,9,'registered'),
(22,2,10,'registered'),
(23,2,11,'registered'),
(24,2,12,'registered'),
(25,3,1,'registered'),
(26,3,2,'registered'),
(27,3,3,'registered'),
(28,3,4,'registered'),
(29,3,5,'registered'),
(30,3,6,'registered'),
(31,3,7,'registered'),
(32,3,8,'registered'),
(33,3,9,'registered'),
(34,3,10,'registered'),
(35,3,11,'registered'),
(36,3,12,'registered'),
(37,4,81,'registered'),
(38,4,82,'registered'),
(39,4,83,'registered'),
(40,4,84,'registered');
INSERT INTO event_entry (id,event_id,athlete_id,status) VALUES
(41,4,85,'registered'),
(42,4,86,'registered'),
(43,4,87,'registered'),
(44,4,88,'registered'),
(45,5,81,'registered'),
(46,5,82,'registered'),
(47,5,83,'registered'),
(48,5,84,'registered'),
(49,5,85,'registered'),
(50,5,86,'registered'),
(51,5,87,'registered'),
(52,5,88,'registered'),
(53,6,81,'registered'),
(54,6,82,'registered'),
(55,6,83,'registered'),
(56,6,84,'registered'),
(57,6,85,'registered'),
(58,6,86,'registered'),
(59,6,87,'registered'),
(60,6,88,'registered');
INSERT INTO event_entry (id,event_id,athlete_id,status) VALUES
(61,7,81,'registered'),
(62,7,82,'registered'),
(63,7,83,'registered'),
(64,7,84,'registered'),
(65,7,85,'registered'),
(66,7,86,'registered'),
(67,7,87,'registered'),
(68,7,88,'registered'),
(69,8,81,'registered'),
(70,8,82,'registered'),
(71,8,83,'registered'),
(72,8,84,'registered'),
(73,8,85,'registered'),
(74,8,86,'registered'),
(75,8,87,'registered'),
(76,8,88,'registered'),
(77,9,81,'registered'),
(78,9,82,'registered'),
(79,9,83,'registered'),
(80,9,84,'registered');
INSERT INTO event_entry (id,event_id,athlete_id,status) VALUES
(81,9,85,'registered'),
(82,9,86,'registered'),
(83,9,87,'registered'),
(84,9,88,'registered'),
(85,10,105,'registered'),
(86,10,106,'registered'),
(87,10,107,'registered'),
(88,10,108,'registered'),
(89,10,109,'registered'),
(90,10,110,'registered'),
(91,10,111,'registered'),
(92,10,112,'registered'),
(93,11,105,'registered'),
(94,11,106,'registered'),
(95,11,107,'registered'),
(96,11,108,'registered'),
(97,11,109,'registered'),
(98,11,110,'registered'),
(99,11,111,'registered'),
(100,11,112,'registered');
INSERT INTO event_entry (id,event_id,athlete_id,status) VALUES
(101,12,81,'registered'),
(102,12,82,'registered'),
(103,12,83,'registered'),
(104,12,84,'registered'),
(105,12,85,'registered'),
(106,12,86,'registered'),
(107,12,87,'registered'),
(108,12,88,'registered'),
(109,13,17,'registered'),
(110,13,18,'registered'),
(111,13,19,'registered'),
(112,13,20,'registered'),
(113,13,21,'registered'),
(114,13,22,'registered'),
(115,13,23,'registered'),
(116,13,24,'registered'),
(117,13,25,'registered'),
(118,13,26,'registered'),
(119,13,27,'registered'),
(120,13,28,'registered');
INSERT INTO event_entry (id,event_id,athlete_id,status) VALUES
(121,14,17,'registered'),
(122,14,18,'registered'),
(123,14,19,'registered'),
(124,14,20,'registered'),
(125,14,21,'registered'),
(126,14,22,'registered'),
(127,14,23,'registered'),
(128,14,24,'registered'),
(129,14,25,'registered'),
(130,14,26,'registered'),
(131,14,27,'registered'),
(132,14,28,'registered'),
(133,15,17,'registered'),
(134,15,18,'registered'),
(135,15,19,'registered'),
(136,15,20,'registered'),
(137,15,21,'registered'),
(138,15,22,'registered'),
(139,15,23,'registered'),
(140,15,24,'registered');
INSERT INTO event_entry (id,event_id,athlete_id,status) VALUES
(141,15,25,'registered'),
(142,15,26,'registered'),
(143,15,27,'registered'),
(144,15,28,'registered'),
(145,16,93,'registered'),
(146,16,94,'registered'),
(147,16,95,'registered'),
(148,16,96,'registered'),
(149,16,97,'registered'),
(150,16,98,'registered'),
(151,16,99,'registered'),
(152,16,100,'registered'),
(153,17,93,'registered'),
(154,17,94,'registered'),
(155,17,95,'registered'),
(156,17,96,'registered'),
(157,17,97,'registered'),
(158,17,98,'registered'),
(159,17,99,'registered'),
(160,17,100,'registered');
INSERT INTO event_entry (id,event_id,athlete_id,status) VALUES
(161,18,93,'registered'),
(162,18,94,'registered'),
(163,18,95,'registered'),
(164,18,96,'registered'),
(165,18,97,'registered'),
(166,18,98,'registered'),
(167,18,99,'registered'),
(168,18,100,'registered'),
(169,19,93,'registered'),
(170,19,94,'registered'),
(171,19,95,'registered'),
(172,19,96,'registered'),
(173,19,97,'registered'),
(174,19,98,'registered'),
(175,19,99,'registered'),
(176,19,100,'registered'),
(177,20,93,'registered'),
(178,20,94,'registered'),
(179,20,95,'registered'),
(180,20,96,'registered');
INSERT INTO event_entry (id,event_id,athlete_id,status) VALUES
(181,20,97,'registered'),
(182,20,98,'registered'),
(183,20,99,'registered'),
(184,20,100,'registered'),
(185,21,93,'registered'),
(186,21,94,'registered'),
(187,21,95,'registered'),
(188,21,96,'registered'),
(189,21,97,'registered'),
(190,21,98,'registered'),
(191,21,99,'registered'),
(192,21,100,'registered'),
(193,22,117,'registered'),
(194,22,118,'registered'),
(195,22,119,'registered'),
(196,22,120,'registered'),
(197,22,121,'registered'),
(198,22,122,'registered'),
(199,22,123,'registered'),
(200,22,124,'registered');
INSERT INTO event_entry (id,event_id,athlete_id,status) VALUES
(201,23,117,'registered'),
(202,23,118,'registered'),
(203,23,119,'registered'),
(204,23,120,'registered'),
(205,23,121,'registered'),
(206,23,122,'registered'),
(207,23,123,'registered'),
(208,23,124,'registered'),
(209,24,93,'registered'),
(210,24,94,'registered'),
(211,24,95,'registered'),
(212,24,96,'registered'),
(213,24,97,'registered'),
(214,24,98,'registered'),
(215,24,99,'registered'),
(216,24,100,'registered'),
(217,26,33,'registered'),
(218,26,34,'registered'),
(219,26,35,'registered'),
(220,26,36,'registered');
INSERT INTO event_entry (id,event_id,athlete_id,status) VALUES
(221,26,37,'registered'),
(222,26,38,'registered'),
(223,26,39,'registered'),
(224,26,40,'registered'),
(225,27,33,'registered'),
(226,27,34,'registered'),
(227,27,35,'registered'),
(228,27,36,'registered'),
(229,27,37,'registered'),
(230,27,38,'registered'),
(231,27,39,'registered'),
(232,27,40,'registered'),
(233,28,53,'registered'),
(234,28,54,'registered'),
(235,28,55,'registered'),
(236,28,56,'registered'),
(237,28,57,'registered'),
(238,28,58,'registered'),
(239,28,59,'registered'),
(240,28,60,'registered');
INSERT INTO event_entry (id,event_id,athlete_id,status) VALUES
(241,29,129,'registered'),
(242,29,130,'registered'),
(243,29,131,'registered'),
(244,29,132,'registered'),
(245,29,133,'registered'),
(246,29,134,'registered'),
(247,29,135,'registered'),
(248,29,136,'registered'),
(249,30,33,'registered'),
(250,30,34,'registered'),
(251,30,35,'registered'),
(252,30,36,'registered'),
(253,30,37,'registered'),
(254,30,38,'registered'),
(255,30,39,'registered'),
(256,30,40,'registered'),
(257,31,33,'registered'),
(258,31,34,'registered'),
(259,31,35,'registered'),
(260,31,36,'registered');
INSERT INTO event_entry (id,event_id,athlete_id,status) VALUES
(261,31,37,'registered'),
(262,31,38,'registered'),
(263,31,39,'registered'),
(264,31,40,'registered'),
(265,32,33,'registered'),
(266,32,34,'registered'),
(267,32,35,'registered'),
(268,32,36,'registered'),
(269,32,37,'registered'),
(270,32,38,'registered'),
(271,32,39,'registered'),
(272,32,40,'registered'),
(273,33,33,'registered'),
(274,33,34,'registered'),
(275,33,35,'registered'),
(276,33,36,'registered'),
(277,33,37,'registered'),
(278,33,38,'registered'),
(279,33,39,'registered'),
(280,33,40,'registered');
INSERT INTO event_entry (id,event_id,athlete_id,status) VALUES
(281,34,43,'registered'),
(282,34,44,'registered'),
(283,34,45,'registered'),
(284,34,46,'registered'),
(285,34,47,'registered'),
(286,34,48,'registered'),
(287,34,49,'registered'),
(288,34,50,'registered'),
(289,35,43,'registered'),
(290,35,44,'registered'),
(291,35,45,'registered'),
(292,35,46,'registered'),
(293,35,47,'registered'),
(294,35,48,'registered'),
(295,35,49,'registered'),
(296,35,50,'registered'),
(297,36,61,'registered'),
(298,36,62,'registered'),
(299,36,63,'registered'),
(300,36,64,'registered');
INSERT INTO event_entry (id,event_id,athlete_id,status) VALUES
(301,36,65,'registered'),
(302,36,66,'registered'),
(303,36,67,'registered'),
(304,36,68,'registered'),
(305,37,137,'registered'),
(306,37,138,'registered'),
(307,37,139,'registered'),
(308,37,140,'registered'),
(309,37,141,'registered'),
(310,37,142,'registered'),
(311,37,143,'registered'),
(312,37,144,'registered'),
(313,38,43,'registered'),
(314,38,44,'registered'),
(315,38,45,'registered'),
(316,38,46,'registered'),
(317,38,47,'registered'),
(318,38,48,'registered'),
(319,38,49,'registered'),
(320,38,50,'registered');
INSERT INTO event_entry (id,event_id,athlete_id,status) VALUES
(321,39,43,'registered'),
(322,39,44,'registered'),
(323,39,45,'registered'),
(324,39,46,'registered'),
(325,39,47,'registered'),
(326,39,48,'registered'),
(327,39,49,'registered'),
(328,39,50,'registered'),
(329,40,43,'registered'),
(330,40,44,'registered'),
(331,40,45,'registered'),
(332,40,46,'registered'),
(333,40,47,'registered'),
(334,40,48,'registered'),
(335,40,49,'registered'),
(336,40,50,'registered'),
(337,41,43,'registered'),
(338,41,44,'registered'),
(339,41,45,'registered'),
(340,41,46,'registered');
INSERT INTO event_entry (id,event_id,athlete_id,status) VALUES
(341,41,47,'registered'),
(342,41,48,'registered'),
(343,41,49,'registered'),
(344,41,50,'registered'),
(345,42,69,'registered'),
(346,42,70,'registered'),
(347,42,71,'registered'),
(348,42,72,'registered'),
(349,42,73,'registered'),
(350,42,74,'registered'),
(351,43,75,'registered'),
(352,43,76,'registered'),
(353,43,77,'registered'),
(354,43,78,'registered'),
(355,43,79,'registered'),
(356,43,80,'registered'),
(357,50,145,'registered'),
(358,50,146,'registered'),
(359,50,147,'registered'),
(360,50,148,'registered');
INSERT INTO event_entry (id,event_id,athlete_id,status) VALUES
(361,50,149,'registered'),
(362,50,150,'registered'),
(363,50,151,'registered'),
(364,50,152,'registered'),
(365,51,145,'registered'),
(366,51,146,'registered'),
(367,51,147,'registered'),
(368,51,148,'registered'),
(369,51,149,'registered'),
(370,51,150,'registered'),
(371,51,151,'registered'),
(372,51,152,'registered'),
(373,52,153,'registered'),
(374,52,154,'registered'),
(375,52,155,'registered'),
(376,52,156,'registered'),
(377,52,157,'registered'),
(378,52,158,'registered'),
(379,52,159,'registered'),
(380,52,160,'registered');
INSERT INTO event_entry (id,event_id,athlete_id,status) VALUES
(381,53,153,'registered'),
(382,53,154,'registered'),
(383,53,155,'registered'),
(384,53,156,'registered'),
(385,53,157,'registered'),
(386,53,158,'registered'),
(387,53,159,'registered'),
(388,53,160,'registered'),
(389,54,145,'registered'),
(390,54,146,'registered'),
(391,54,147,'registered'),
(392,54,148,'registered'),
(393,54,153,'registered'),
(394,54,154,'registered'),
(395,54,155,'registered'),
(396,54,156,'registered'),
(397,55,145,'registered'),
(398,55,146,'registered'),
(399,55,147,'registered'),
(400,55,148,'registered');
INSERT INTO event_entry (id,event_id,athlete_id,status) VALUES
(401,55,149,'registered'),
(402,55,150,'registered'),
(403,55,151,'registered'),
(404,55,152,'registered'),
(405,56,153,'registered'),
(406,56,154,'registered'),
(407,56,155,'registered'),
(408,56,156,'registered'),
(409,56,157,'registered'),
(410,56,158,'registered'),
(411,56,159,'registered'),
(412,56,160,'registered'),
(413,57,145,'registered'),
(414,57,146,'registered'),
(415,57,147,'registered'),
(416,57,148,'registered'),
(417,57,149,'registered'),
(418,57,150,'registered'),
(419,57,151,'registered'),
(420,57,152,'registered');
INSERT INTO event_entry (id,event_id,athlete_id,status) VALUES
(421,58,153,'registered'),
(422,58,154,'registered'),
(423,58,155,'registered'),
(424,58,156,'registered'),
(425,58,157,'registered'),
(426,58,158,'registered'),
(427,58,159,'registered'),
(428,58,160,'registered'),
(429,60,81,'registered'),
(430,60,82,'registered'),
(431,60,83,'registered'),
(432,60,84,'registered'),
(433,60,85,'registered'),
(434,60,86,'registered'),
(435,60,87,'registered'),
(436,60,88,'registered'),
(437,61,93,'registered'),
(438,61,94,'registered'),
(439,61,95,'registered'),
(440,61,96,'registered');
INSERT INTO event_entry (id,event_id,athlete_id,status) VALUES
(441,61,97,'registered'),
(442,61,98,'registered'),
(443,61,99,'registered'),
(444,61,100,'registered'),
(445,62,81,'registered'),
(446,62,82,'registered'),
(447,62,83,'registered'),
(448,62,84,'registered'),
(449,62,85,'registered'),
(450,62,86,'registered'),
(451,62,87,'registered'),
(452,62,88,'registered'),
(453,63,93,'registered'),
(454,63,94,'registered'),
(455,63,95,'registered'),
(456,63,96,'registered'),
(457,63,97,'registered'),
(458,63,98,'registered'),
(459,63,99,'registered'),
(460,63,100,'registered');
INSERT INTO event_entry (id,event_id,athlete_id,status) VALUES
(461,64,81,'registered'),
(462,64,82,'registered'),
(463,64,83,'registered'),
(464,64,84,'registered'),
(465,64,85,'registered'),
(466,64,86,'registered'),
(467,64,87,'registered'),
(468,64,88,'registered'),
(469,65,93,'registered'),
(470,65,94,'registered'),
(471,65,95,'registered'),
(472,65,96,'registered'),
(473,65,97,'registered'),
(474,65,98,'registered'),
(475,65,99,'registered'),
(476,65,100,'registered'),
(477,66,81,'registered'),
(478,66,82,'registered'),
(479,66,83,'registered'),
(480,66,84,'registered');
INSERT INTO event_entry (id,event_id,athlete_id,status) VALUES
(481,66,85,'registered'),
(482,66,86,'registered'),
(483,66,87,'registered'),
(484,66,88,'registered'),
(485,67,93,'registered'),
(486,67,94,'registered'),
(487,67,95,'registered'),
(488,67,96,'registered'),
(489,67,97,'registered'),
(490,67,98,'registered'),
(491,67,99,'registered'),
(492,67,100,'registered'),
(493,101,69,'registered'),
(494,101,70,'registered'),
(495,101,71,'registered'),
(496,101,72,'registered'),
(497,101,73,'registered'),
(498,101,74,'registered'),
(499,102,69,'registered'),
(500,102,70,'registered');
INSERT INTO event_entry (id,event_id,athlete_id,status) VALUES
(501,102,71,'registered'),
(502,102,72,'registered'),
(503,102,73,'registered'),
(504,102,74,'registered'),
(505,103,69,'registered'),
(506,103,70,'registered'),
(507,103,71,'registered'),
(508,103,72,'registered'),
(509,103,73,'registered'),
(510,103,74,'registered'),
(511,104,69,'registered'),
(512,104,70,'registered'),
(513,104,71,'registered'),
(514,104,72,'registered'),
(515,104,73,'registered'),
(516,104,74,'registered'),
(517,105,69,'registered'),
(518,105,70,'registered'),
(519,105,71,'registered'),
(520,105,72,'registered');
INSERT INTO event_entry (id,event_id,athlete_id,status) VALUES
(521,105,73,'registered'),
(522,105,74,'registered'),
(523,106,69,'registered'),
(524,106,70,'registered'),
(525,106,71,'registered'),
(526,106,72,'registered'),
(527,106,73,'registered'),
(528,106,74,'registered'),
(529,107,69,'registered'),
(530,107,70,'registered'),
(531,107,71,'registered'),
(532,107,72,'registered'),
(533,107,73,'registered'),
(534,107,74,'registered'),
(535,108,69,'registered'),
(536,108,70,'registered'),
(537,108,71,'registered'),
(538,108,72,'registered'),
(539,108,73,'registered'),
(540,108,74,'registered');
INSERT INTO event_entry (id,event_id,athlete_id,status) VALUES
(541,109,69,'registered'),
(542,109,70,'registered'),
(543,109,71,'registered'),
(544,109,72,'registered'),
(545,109,73,'registered'),
(546,109,74,'registered'),
(547,110,69,'registered'),
(548,110,70,'registered'),
(549,110,71,'registered'),
(550,110,72,'registered'),
(551,110,73,'registered'),
(552,110,74,'registered'),
(553,201,75,'registered'),
(554,201,76,'registered'),
(555,201,77,'registered'),
(556,201,78,'registered'),
(557,201,79,'registered'),
(558,201,80,'registered'),
(559,202,75,'registered'),
(560,202,76,'registered');
INSERT INTO event_entry (id,event_id,athlete_id,status) VALUES
(561,202,77,'registered'),
(562,202,78,'registered'),
(563,202,79,'registered'),
(564,202,80,'registered'),
(565,203,75,'registered'),
(566,203,76,'registered'),
(567,203,77,'registered'),
(568,203,78,'registered'),
(569,203,79,'registered'),
(570,203,80,'registered'),
(571,204,75,'registered'),
(572,204,76,'registered'),
(573,204,77,'registered'),
(574,204,78,'registered'),
(575,204,79,'registered'),
(576,204,80,'registered'),
(577,205,75,'registered'),
(578,205,76,'registered'),
(579,205,77,'registered'),
(580,205,78,'registered');
INSERT INTO event_entry (id,event_id,athlete_id,status) VALUES
(581,205,79,'registered'),
(582,205,80,'registered'),
(583,206,75,'registered'),
(584,206,76,'registered'),
(585,206,77,'registered'),
(586,206,78,'registered'),
(587,206,79,'registered'),
(588,206,80,'registered'),
(589,207,75,'registered'),
(590,207,76,'registered'),
(591,207,77,'registered'),
(592,207,78,'registered'),
(593,207,79,'registered'),
(594,207,80,'registered');

-- ============================================================
-- HEATS (자동 생성)
-- ============================================================

INSERT INTO heat (id,event_id,heat_number) VALUES
(1,1,1),
(2,1,2),
(3,2,1),
(4,2,2),
(5,3,1),
(6,3,2),
(7,4,1),
(8,5,1),
(9,6,1),
(10,7,1),
(11,8,1),
(12,9,1),
(13,10,1),
(14,11,1),
(15,12,1),
(16,13,1),
(17,13,2),
(18,14,1),
(19,14,2),
(20,15,1);
INSERT INTO heat (id,event_id,heat_number) VALUES
(21,15,2),
(22,16,1),
(23,17,1),
(24,18,1),
(25,19,1),
(26,20,1),
(27,21,1),
(28,22,1),
(29,23,1),
(30,24,1),
(31,26,1),
(32,27,1),
(33,28,1),
(34,29,1),
(35,30,1),
(36,31,1),
(37,32,1),
(38,33,1),
(39,34,1),
(40,35,1);
INSERT INTO heat (id,event_id,heat_number) VALUES
(41,36,1),
(42,37,1),
(43,38,1),
(44,39,1),
(45,40,1),
(46,41,1),
(47,42,1),
(48,43,1),
(49,50,1),
(50,51,1),
(51,52,1),
(52,53,1),
(53,54,1),
(54,55,1),
(55,56,1),
(56,57,1),
(57,58,1),
(58,60,1),
(59,61,1),
(60,62,1);
INSERT INTO heat (id,event_id,heat_number) VALUES
(61,63,1),
(62,64,1),
(63,65,1),
(64,66,1),
(65,67,1),
(66,101,1),
(67,102,1),
(68,103,1),
(69,104,1),
(70,105,1),
(71,106,1),
(72,107,1),
(73,108,1),
(74,109,1),
(75,110,1),
(76,201,1),
(77,202,1),
(78,203,1),
(79,204,1),
(80,205,1);
INSERT INTO heat (id,event_id,heat_number) VALUES
(81,206,1),
(82,207,1);

-- ============================================================
-- HEAT ENTRIES (자동 생성)
-- ============================================================

INSERT INTO heat_entry (heat_id,event_entry_id,lane_number) VALUES
(1,1,1),
(1,2,2),
(1,3,3),
(1,4,4),
(1,5,5),
(1,6,6),
(2,7,1),
(2,8,2),
(2,9,3),
(2,10,4),
(2,11,5),
(2,12,6),
(3,13,1),
(3,14,2),
(3,15,3),
(3,16,4),
(3,17,5),
(3,18,6),
(4,19,1),
(4,20,2);
INSERT INTO heat_entry (heat_id,event_entry_id,lane_number) VALUES
(4,21,3),
(4,22,4),
(4,23,5),
(4,24,6),
(5,25,1),
(5,26,2),
(5,27,3),
(5,28,4),
(5,29,5),
(5,30,6),
(6,31,1),
(6,32,2),
(6,33,3),
(6,34,4),
(6,35,5),
(6,36,6),
(7,37,1),
(7,38,2),
(7,39,3),
(7,40,4);
INSERT INTO heat_entry (heat_id,event_entry_id,lane_number) VALUES
(7,41,5),
(7,42,6),
(7,43,7),
(7,44,8),
(8,45,1),
(8,46,2),
(8,47,3),
(8,48,4),
(8,49,5),
(8,50,6),
(8,51,7),
(8,52,8),
(9,53,NULL),
(9,54,NULL),
(9,55,NULL),
(9,56,NULL),
(9,57,NULL),
(9,58,NULL),
(9,59,NULL),
(9,60,NULL);
INSERT INTO heat_entry (heat_id,event_entry_id,lane_number) VALUES
(10,61,NULL),
(10,62,NULL),
(10,63,NULL),
(10,64,NULL),
(10,65,NULL),
(10,66,NULL),
(10,67,NULL),
(10,68,NULL),
(11,69,NULL),
(11,70,NULL),
(11,71,NULL),
(11,72,NULL),
(11,73,NULL),
(11,74,NULL),
(11,75,NULL),
(11,76,NULL),
(12,77,NULL),
(12,78,NULL),
(12,79,NULL),
(12,80,NULL);
INSERT INTO heat_entry (heat_id,event_entry_id,lane_number) VALUES
(12,81,NULL),
(12,82,NULL),
(12,83,NULL),
(12,84,NULL),
(13,85,1),
(13,86,2),
(13,87,3),
(13,88,4),
(13,89,5),
(13,90,6),
(13,91,7),
(13,92,8),
(14,93,1),
(14,94,2),
(14,95,3),
(14,96,4),
(14,97,5),
(14,98,6),
(14,99,7),
(14,100,8);
INSERT INTO heat_entry (heat_id,event_entry_id,lane_number) VALUES
(15,101,NULL),
(15,102,NULL),
(15,103,NULL),
(15,104,NULL),
(15,105,NULL),
(15,106,NULL),
(15,107,NULL),
(15,108,NULL),
(16,109,1),
(16,110,2),
(16,111,3),
(16,112,4),
(16,113,5),
(16,114,6),
(17,115,1),
(17,116,2),
(17,117,3),
(17,118,4),
(17,119,5),
(17,120,6);
INSERT INTO heat_entry (heat_id,event_entry_id,lane_number) VALUES
(18,121,1),
(18,122,2),
(18,123,3),
(18,124,4),
(18,125,5),
(18,126,6),
(19,127,1),
(19,128,2),
(19,129,3),
(19,130,4),
(19,131,5),
(19,132,6),
(20,133,1),
(20,134,2),
(20,135,3),
(20,136,4),
(20,137,5),
(20,138,6),
(21,139,1),
(21,140,2);
INSERT INTO heat_entry (heat_id,event_entry_id,lane_number) VALUES
(21,141,3),
(21,142,4),
(21,143,5),
(21,144,6),
(22,145,1),
(22,146,2),
(22,147,3),
(22,148,4),
(22,149,5),
(22,150,6),
(22,151,7),
(22,152,8),
(23,153,1),
(23,154,2),
(23,155,3),
(23,156,4),
(23,157,5),
(23,158,6),
(23,159,7),
(23,160,8);
INSERT INTO heat_entry (heat_id,event_entry_id,lane_number) VALUES
(24,161,NULL),
(24,162,NULL),
(24,163,NULL),
(24,164,NULL),
(24,165,NULL),
(24,166,NULL),
(24,167,NULL),
(24,168,NULL),
(25,169,NULL),
(25,170,NULL),
(25,171,NULL),
(25,172,NULL),
(25,173,NULL),
(25,174,NULL),
(25,175,NULL),
(25,176,NULL),
(26,177,NULL),
(26,178,NULL),
(26,179,NULL),
(26,180,NULL);
INSERT INTO heat_entry (heat_id,event_entry_id,lane_number) VALUES
(26,181,NULL),
(26,182,NULL),
(26,183,NULL),
(26,184,NULL),
(27,185,NULL),
(27,186,NULL),
(27,187,NULL),
(27,188,NULL),
(27,189,NULL),
(27,190,NULL),
(27,191,NULL),
(27,192,NULL),
(28,193,1),
(28,194,2),
(28,195,3),
(28,196,4),
(28,197,5),
(28,198,6),
(28,199,7),
(28,200,8);
INSERT INTO heat_entry (heat_id,event_entry_id,lane_number) VALUES
(29,201,1),
(29,202,2),
(29,203,3),
(29,204,4),
(29,205,5),
(29,206,6),
(29,207,7),
(29,208,8),
(30,209,NULL),
(30,210,NULL),
(30,211,NULL),
(30,212,NULL),
(30,213,NULL),
(30,214,NULL),
(30,215,NULL),
(30,216,NULL),
(31,217,NULL),
(31,218,NULL),
(31,219,NULL),
(31,220,NULL);
INSERT INTO heat_entry (heat_id,event_entry_id,lane_number) VALUES
(31,221,NULL),
(31,222,NULL),
(31,223,NULL),
(31,224,NULL),
(32,225,NULL),
(32,226,NULL),
(32,227,NULL),
(32,228,NULL),
(32,229,NULL),
(32,230,NULL),
(32,231,NULL),
(32,232,NULL),
(33,233,NULL),
(33,234,NULL),
(33,235,NULL),
(33,236,NULL),
(33,237,NULL),
(33,238,NULL),
(33,239,NULL),
(33,240,NULL);
INSERT INTO heat_entry (heat_id,event_entry_id,lane_number) VALUES
(34,241,NULL),
(34,242,NULL),
(34,243,NULL),
(34,244,NULL),
(34,245,NULL),
(34,246,NULL),
(34,247,NULL),
(34,248,NULL),
(35,249,NULL),
(35,250,NULL),
(35,251,NULL),
(35,252,NULL),
(35,253,NULL),
(35,254,NULL),
(35,255,NULL),
(35,256,NULL),
(36,257,NULL),
(36,258,NULL),
(36,259,NULL),
(36,260,NULL);
INSERT INTO heat_entry (heat_id,event_entry_id,lane_number) VALUES
(36,261,NULL),
(36,262,NULL),
(36,263,NULL),
(36,264,NULL),
(37,265,NULL),
(37,266,NULL),
(37,267,NULL),
(37,268,NULL),
(37,269,NULL),
(37,270,NULL),
(37,271,NULL),
(37,272,NULL),
(38,273,NULL),
(38,274,NULL),
(38,275,NULL),
(38,276,NULL),
(38,277,NULL),
(38,278,NULL),
(38,279,NULL),
(38,280,NULL);
INSERT INTO heat_entry (heat_id,event_entry_id,lane_number) VALUES
(39,281,NULL),
(39,282,NULL),
(39,283,NULL),
(39,284,NULL),
(39,285,NULL),
(39,286,NULL),
(39,287,NULL),
(39,288,NULL),
(40,289,NULL),
(40,290,NULL),
(40,291,NULL),
(40,292,NULL),
(40,293,NULL),
(40,294,NULL),
(40,295,NULL),
(40,296,NULL),
(41,297,NULL),
(41,298,NULL),
(41,299,NULL),
(41,300,NULL);
INSERT INTO heat_entry (heat_id,event_entry_id,lane_number) VALUES
(41,301,NULL),
(41,302,NULL),
(41,303,NULL),
(41,304,NULL),
(42,305,NULL),
(42,306,NULL),
(42,307,NULL),
(42,308,NULL),
(42,309,NULL),
(42,310,NULL),
(42,311,NULL),
(42,312,NULL),
(43,313,NULL),
(43,314,NULL),
(43,315,NULL),
(43,316,NULL),
(43,317,NULL),
(43,318,NULL),
(43,319,NULL),
(43,320,NULL);
INSERT INTO heat_entry (heat_id,event_entry_id,lane_number) VALUES
(44,321,NULL),
(44,322,NULL),
(44,323,NULL),
(44,324,NULL),
(44,325,NULL),
(44,326,NULL),
(44,327,NULL),
(44,328,NULL),
(45,329,NULL),
(45,330,NULL),
(45,331,NULL),
(45,332,NULL),
(45,333,NULL),
(45,334,NULL),
(45,335,NULL),
(45,336,NULL),
(46,337,NULL),
(46,338,NULL),
(46,339,NULL),
(46,340,NULL);
INSERT INTO heat_entry (heat_id,event_entry_id,lane_number) VALUES
(46,341,NULL),
(46,342,NULL),
(46,343,NULL),
(46,344,NULL),
(47,345,NULL),
(47,346,NULL),
(47,347,NULL),
(47,348,NULL),
(47,349,NULL),
(47,350,NULL),
(48,351,NULL),
(48,352,NULL),
(48,353,NULL),
(48,354,NULL),
(48,355,NULL),
(48,356,NULL),
(49,357,1),
(49,358,2),
(49,359,3),
(49,360,4);
INSERT INTO heat_entry (heat_id,event_entry_id,lane_number) VALUES
(49,361,5),
(49,362,6),
(49,363,7),
(49,364,8),
(50,365,1),
(50,366,2),
(50,367,3),
(50,368,4),
(50,369,5),
(50,370,6),
(50,371,7),
(50,372,8),
(51,373,1),
(51,374,2),
(51,375,3),
(51,376,4),
(51,377,5),
(51,378,6),
(51,379,7),
(51,380,8);
INSERT INTO heat_entry (heat_id,event_entry_id,lane_number) VALUES
(52,381,1),
(52,382,2),
(52,383,3),
(52,384,4),
(52,385,5),
(52,386,6),
(52,387,7),
(52,388,8),
(53,389,1),
(53,390,2),
(53,391,3),
(53,392,4),
(53,393,5),
(53,394,6),
(53,395,7),
(53,396,8),
(54,397,1),
(54,398,2),
(54,399,3),
(54,400,4);
INSERT INTO heat_entry (heat_id,event_entry_id,lane_number) VALUES
(54,401,5),
(54,402,6),
(54,403,7),
(54,404,8),
(55,405,1),
(55,406,2),
(55,407,3),
(55,408,4),
(55,409,5),
(55,410,6),
(55,411,7),
(55,412,8),
(56,413,1),
(56,414,2),
(56,415,3),
(56,416,4),
(56,417,5),
(56,418,6),
(56,419,7),
(56,420,8);
INSERT INTO heat_entry (heat_id,event_entry_id,lane_number) VALUES
(57,421,1),
(57,422,2),
(57,423,3),
(57,424,4),
(57,425,5),
(57,426,6),
(57,427,7),
(57,428,8),
(58,429,NULL),
(58,430,NULL),
(58,431,NULL),
(58,432,NULL),
(58,433,NULL),
(58,434,NULL),
(58,435,NULL),
(58,436,NULL),
(59,437,NULL),
(59,438,NULL),
(59,439,NULL),
(59,440,NULL);
INSERT INTO heat_entry (heat_id,event_entry_id,lane_number) VALUES
(59,441,NULL),
(59,442,NULL),
(59,443,NULL),
(59,444,NULL),
(60,445,NULL),
(60,446,NULL),
(60,447,NULL),
(60,448,NULL),
(60,449,NULL),
(60,450,NULL),
(60,451,NULL),
(60,452,NULL),
(61,453,NULL),
(61,454,NULL),
(61,455,NULL),
(61,456,NULL),
(61,457,NULL),
(61,458,NULL),
(61,459,NULL),
(61,460,NULL);
INSERT INTO heat_entry (heat_id,event_entry_id,lane_number) VALUES
(62,461,NULL),
(62,462,NULL),
(62,463,NULL),
(62,464,NULL),
(62,465,NULL),
(62,466,NULL),
(62,467,NULL),
(62,468,NULL),
(63,469,NULL),
(63,470,NULL),
(63,471,NULL),
(63,472,NULL),
(63,473,NULL),
(63,474,NULL),
(63,475,NULL),
(63,476,NULL),
(64,477,NULL),
(64,478,NULL),
(64,479,NULL),
(64,480,NULL);
INSERT INTO heat_entry (heat_id,event_entry_id,lane_number) VALUES
(64,481,NULL),
(64,482,NULL),
(64,483,NULL),
(64,484,NULL),
(65,485,NULL),
(65,486,NULL),
(65,487,NULL),
(65,488,NULL),
(65,489,NULL),
(65,490,NULL),
(65,491,NULL),
(65,492,NULL),
(66,493,1),
(66,494,2),
(66,495,3),
(66,496,4),
(66,497,5),
(66,498,6),
(67,499,NULL),
(67,500,NULL);
INSERT INTO heat_entry (heat_id,event_entry_id,lane_number) VALUES
(67,501,NULL),
(67,502,NULL),
(67,503,NULL),
(67,504,NULL),
(68,505,NULL),
(68,506,NULL),
(68,507,NULL),
(68,508,NULL),
(68,509,NULL),
(68,510,NULL),
(69,511,NULL),
(69,512,NULL),
(69,513,NULL),
(69,514,NULL),
(69,515,NULL),
(69,516,NULL),
(70,517,1),
(70,518,2),
(70,519,3),
(70,520,4);
INSERT INTO heat_entry (heat_id,event_entry_id,lane_number) VALUES
(70,521,5),
(70,522,6),
(71,523,1),
(71,524,2),
(71,525,3),
(71,526,4),
(71,527,5),
(71,528,6),
(72,529,NULL),
(72,530,NULL),
(72,531,NULL),
(72,532,NULL),
(72,533,NULL),
(72,534,NULL),
(73,535,NULL),
(73,536,NULL),
(73,537,NULL),
(73,538,NULL),
(73,539,NULL),
(73,540,NULL);
INSERT INTO heat_entry (heat_id,event_entry_id,lane_number) VALUES
(74,541,NULL),
(74,542,NULL),
(74,543,NULL),
(74,544,NULL),
(74,545,NULL),
(74,546,NULL),
(75,547,1),
(75,548,2),
(75,549,3),
(75,550,4),
(75,551,5),
(75,552,6),
(76,553,1),
(76,554,2),
(76,555,3),
(76,556,4),
(76,557,5),
(76,558,6),
(77,559,NULL),
(77,560,NULL);
INSERT INTO heat_entry (heat_id,event_entry_id,lane_number) VALUES
(77,561,NULL),
(77,562,NULL),
(77,563,NULL),
(77,564,NULL),
(78,565,NULL),
(78,566,NULL),
(78,567,NULL),
(78,568,NULL),
(78,569,NULL),
(78,570,NULL),
(79,571,1),
(79,572,2),
(79,573,3),
(79,574,4),
(79,575,5),
(79,576,6),
(80,577,NULL),
(80,578,NULL),
(80,579,NULL),
(80,580,NULL);
INSERT INTO heat_entry (heat_id,event_entry_id,lane_number) VALUES
(80,581,NULL),
(80,582,NULL),
(81,583,NULL),
(81,584,NULL),
(81,585,NULL),
(81,586,NULL),
(81,587,NULL),
(81,588,NULL),
(82,589,1),
(82,590,2),
(82,591,3),
(82,592,4),
(82,593,5),
(82,594,6);